use_case_topic_area,ai_classification,high_impact_status,stage_of_development,canonical_agency
Administrative Functions,Agentic AI,high_impact,Deployed,Board of Governors of the Federal Reserve System
Cybersecurity,Classical/Predictive Machine Learning,not_high_impact,Retired,Commodity Futures Trading Commission
Emergency Management,Computer Vision,presumed_high_impact_not_high_impact,Pre-deployment,Consumer Financial Protection Bureau
Energy & the Environment,Generative AI,,Pilot,Department of Agriculture
Government Benefits Processing,Natural Language Processing,,,Department of Commerce
Health & Medical,Other,,,Department of Defense
Human Resources,Reinforcement Learning,,,Department of Education
Information Technology,,,,Department of Energy
International Affairs,,,,Department of Health and Human Services
Law Enforcement,,,,Department of Homeland Security
Other,,,,Department of Housing and Urban Development
Other - Applied Mathematical Sciences,,,,Department of Justice
Other – Economic & Financial,,,,Department of Labor
Procurement & Financial Management,,,,Department of State
Science,,,,Department of Transportation
Service Delivery,,,,Department of Veterans Affairs
Transportation,,,,Department of the Interior
,,,,Department of the Treasury
,,,,Environmental Protection Agency
,,,,Equal Employment Opportunity Commission
,,,,Farm Credit Administration
,,,,Federal Communications Commission
,,,,Federal Deposit Insurance Corporation
,,,,Federal Energy Regulatory Commission
,,,,Federal Housing Finance Agency
,,,,Federal Trade Commission
,,,,General Services Administration
,,,,National Archives and Records Administration
,,,,National Aeronautics and Space Administration
,,,,National Credit Union Administration
,,,,National Endowment for the Arts
,,,,National Indian Gaming Commission
,,,,National Science Foundation
,,,,National Transportation Safety Board
,,,,Nuclear Regulatory Commission
,,,,Occupational Safety and Health Review Commission
,,,,Office of Personnel Management
,,,,Pension Benefit Guaranty Corporation
,,,,Presidio Trust
,,,,Securities and Exchange Commission
,,,,Small Business Administration
,,,,Social Security Administration
,,,,Surface Transportation Board
,,,,Tennessee Valley Authority
,,,,U.S. Agency for Global Media
,,,,U.S. Agency for International Development
,,,,U.S. Commission on Civil Rights
,,,,U.S. Election Assistance Commission
,,,,U.S. Office of Special Counsel